{
  "project_info": {
    "project_number": "307953779464",
    "project_id": "shamcrm-23800",
    "storage_bucket": "shamcrm-23800.appspot.com"
  },
  "client": [
    {
      "client_info": {
        "mobilesdk_app_id": "1:307953779464:android:48c25eaed3cdb1109522bd",
        "android_client_info": {
          "package_name": "com.example.crm_task_manager"
        }
      },
      "oauth_client": [],
      "api_key": [
        {
          "current_key": "AIzaSyCv56yKNkBLTq0wGBGk6RQTgx-TMy0ILQg"
        }
      ],
      "services": {
        "appinvite_service": {
          "other_platform_oauth_client": []
        }
      }
    },
    {
      "client_info": {
        "mobilesdk_app_id": "1:307953779464:android:7422022fb1a4693b9522bd",
        "android_client_info": {
          "package_name": "crm.task.manager.android"
        }
      },
      "oauth_client": [],
      "api_key": [
        {
          "current_key": "AIzaSyCv56yKNkBLTq0wGBGk6RQTgx-TMy0ILQg"
        }
      ],
      "services": {
        "appinvite_service": {
          "other_platform_oauth_client": []
        }
      }
    },
    {
      "client_info": {
        "mobilesdk_app_id": "1:307953779464:android:e13d2bdcf2b0411e9522bd",
        "android_client_info": {
          "package_name": "tj.fingroup.fingroup"
        }
      },
      "oauth_client": [],
      "api_key": [
        {
          "current_key": "AIzaSyCv56yKNkBLTq0wGBGk6RQTgx-TMy0ILQg"
        }
      ],
      "services": {
        "appinvite_service": {
          "other_platform_oauth_client": []
        }
      }
    }
  ],
  "configuration_version": "1"
}